id,firstname,lastname,age,job,signup_date
1,Jania,Whyborne,24,Developer III,2015-10-16 02:41:29
2,Stace,Pawelec,61,Chief Design Engineer,2017-08-09 06:03:29
3,Amandy,Pinnion,60,Staff Scientist,2016-12-21 04:19:32
4,Aurel,Mearns,42,Account Coordinator,2017-03-12 00:07:15
5,Addy,Mawd,8,Editor,2017-09-21 05:45:21
6,Alexio,Dowey,58,Financial Analyst,2016-10-07 08:12:37
7,Rebecca,Juszczak,46,Professor,2017-08-27 19:13:38
8,Darryl,Traite,24,Account Representative II,2015-05-06 22:44:30
9,Ancell,Stable,19,Budget/Accounting Analyst IV,2015-07-29 10:53:45
10,Aldus,Corssen,26,Design Engineer,2018-07-22 17:36:57
11,Delmer,Halligan,23,Media Manager I,2015-12-02 18:16:36
12,Aristotle,Gadesby,53,Senior Sales Associate,2015-11-14 19:32:09
13,Hamel,Scullard,11,Chief Design Engineer,2015-10-22 04:28:02
14,Mira,Ditter,48,Assistant Media Planner,2017-06-08 03:16:44
15,Carolus,Colliss,34,Technical Writer,2018-10-16 04:49:57
16,Zaneta,Zecchii,41,Nuclear Power Engineer,2018-07-21 05:49:06
17,Emmaline,Bunyard,54,Senior Quality Engineer,2015-11-20 04:36:17
18,Felicle,Eynaud,10,Environmental Specialist,2016-10-02 12:25:36
19,Frankie,Cranson,49,Project Manager,2017-12-12 21:33:55
20,Melisenda,Birdwistle,54,Design Engineer,2016-02-12 06:20:36
21,Kasper,Strass,13,Junior Executive,2016-07-24 09:34:45
22,Jada,Templman,12,Teacher,2016-12-15 16:11:13
23,Lani,Matskevich,60,Legal Assistant,2018-12-13 08:40:04
24,Coraline,Kroll,36,Research Assistant IV,2017-01-13 11:30:53
25,Kalvin,Bowater,15,Statistician II,2018-02-01 11:21:34
26,Siouxie,Thompson,35,Compensation Analyst,2016-06-02 22:17:40
27,Verla,Mann,10,Web Designer I,2016-04-26 16:24:12
28,Barny,Ogles,27,Structural Analysis Engineer,2016-08-11 00:49:54
29,Kizzee,Galloway,18,Administrative Officer,2018-06-30 08:13:17
30,Lil,Gianninotti,24,Teacher,2018-12-07 12:37:14
31,Elicia,Drinnan,61,Community Outreach Specialist,2019-01-08 12:50:38
32,Tiebout,Goman,36,Teacher,2017-08-30 02:57:58
33,Cassius,Kleinerman,48,Sales Representative,2016-04-12 10:18:29
34,Brittani,Jarret,23,Occupational Therapist,2017-11-14 11:24:30
35,Pryce,Dicey,12,Software Test Engineer III,2018-11-13 22:51:52
36,Reamonn,Witherup,21,Account Coordinator,2017-02-12 18:45:16
37,Conrado,Gooders,35,Programmer II,2016-12-23 10:38:19
38,Kerk,Traynor,43,Health Coach III,2018-06-12 06:38:38
39,Lucilia,Cutten,61,Computer Systems Analyst IV,2018-12-02 04:05:06
40,Jacquelynn,Brealey,36,Marketing Assistant,2016-07-05 12:34:45
41,Brianne,Silvers,27,Information Systems Manager,2017-03-29 05:43:12
42,Teador,Costard,29,Programmer II,2016-04-06 11:26:32
43,Nada,Storms,62,Clinical Specialist,2018-04-08 09:20:18
44,Vicky,Harsnep,62,Speech Pathologist,2016-10-02 16:21:35
45,Ardeen,Grennan,23,Chief Design Engineer,2017-03-17 21:48:10
46,Silvie,Serman,24,Food Chemist,2016-08-16 04:48:18
47,Nissa,Delgua,21,Financial Advisor,2017-12-27 20:06:03
48,Guenna,Leat,40,Biostatistician IV,2016-09-03 12:31:24
49,Juliann,Meddows,26,Accounting Assistant IV,2017-07-31 14:14:00
50,Keen,Krollman,14,Sales Associate,2017-07-04 02:37:47
51,Ruperto,Moorfield,9,Software Engineer I,2017-08-11 17:02:06
52,Morty,Zoane,14,Media Manager III,2017-10-28 22:24:44
53,Jolene,Eassom,27,Chemical Engineer,2018-05-26 21:19:14
54,Artemas,Axcell,59,Marketing Manager,2015-12-06 21:53:35
55,Zarla,Marlor,33,Assistant Manager,2018-12-11 08:06:50
56,Wylma,Newns,32,Structural Engineer,2016-10-27 02:22:40
57,Jordanna,Camings,62,Teacher,2017-02-03 06:03:41
58,Truda,Rowbottom,56,Nurse Practicioner,2017-06-11 09:53:21
59,Joshua,O'Doherty,16,Nurse,2018-09-22 09:29:37
60,Tait,Crose,10,Sales Representative,2019-01-04 21:30:51
61,Sydel,Bradbeer,27,Project Manager,2017-09-09 22:42:03
62,Allis,Tripe,36,Web Developer IV,2018-08-11 01:07:16
63,Winna,Biddles,56,Account Executive,2019-01-01 03:30:59
64,Rebe,Broske,21,Actuary,2016-11-30 13:25:41
65,Bonni,Toffetto,13,Mechanical Systems Engineer,2019-02-26 21:17:25
66,Alvin,Mallinson,40,Dental Hygienist,2015-10-30 15:09:43
67,Herve,Truett,40,Environmental Specialist,2015-08-20 22:05:34
68,Joanne,Wittier,51,Systems Administrator I,2017-12-10 07:57:37
69,Inez,Grimwade,56,Biostatistician IV,2015-04-13 11:32:08
70,Miltie,Mincher,21,Payment Adjustment Coordinator,2018-02-01 08:58:30
71,Sadie,Maidlow,34,Desktop Support Technician,2017-09-13 03:53:53
72,Pip,Crose,40,Database Administrator II,2016-04-12 10:57:15
73,Pollyanna,Stirrip,51,Human Resources Manager,2017-10-05 06:28:29
74,Rhys,Gamet,10,Web Developer IV,2017-03-11 18:21:52
75,Ann,Mapstone,51,Automation Specialist III,2015-08-08 04:27:57
76,Donny,Wilkenson,59,Dental Hygienist,2015-09-13 19:23:15
77,Christean,Meese,10,Systems Administrator III,2017-07-06 16:21:07
78,Carmine,Serjeantson,65,Marketing Manager,2017-07-07 09:01:41
79,Elke,Blenkensop,23,Director of Sales,2018-08-26 06:09:25
80,Julieta,Attenbrow,22,Media Manager IV,2017-12-09 00:28:16
81,Emiline,Morl,64,Safety Technician I,2019-01-23 20:53:58
82,Lorry,Aynscombe,53,Director of Sales,2015-10-19 01:04:04
83,Tami,D'Hooge,61,VP Marketing,2016-11-24 14:03:55
84,Merwyn,Dovermann,32,Occupational Therapist,2018-11-23 11:43:11
85,Caz,Clery,58,Internal Auditor,2015-09-07 23:13:18
86,Sherwood,Mell,60,Technical Writer,2016-01-19 11:29:39
87,Sadie,Fairlem,57,Professor,2019-03-25 09:56:08
88,James,Lickess,25,Web Developer I,2017-08-30 22:58:03
89,Trina,Agdahl,45,Teacher,2017-03-22 07:06:20
90,Cyndie,Gresty,13,Account Executive,2015-08-02 05:06:24
91,Mac,Bagwell,36,Financial Analyst,2015-06-21 20:22:47
92,Cordelia,Reinert,11,Food Chemist,2016-05-17 03:34:38
93,Allin,Dalman,57,Programmer Analyst III,2017-02-22 02:14:45
94,Tiebout,Bea,38,Business Systems Development Analyst,2017-06-16 06:59:46
95,Sally,Beining,33,Staff Accountant IV,2018-08-21 22:42:26
96,Raeann,Tschersich,45,Automation Specialist III,2018-08-09 22:36:02
97,Tonie,Fairbridge,37,Automation Specialist II,2015-09-27 06:00:16
98,Delinda,Pountney,36,Project Manager,2018-09-02 06:53:02
99,Patrizio,Onions,14,Desktop Support Technician,2018-01-06 14:31:54
100,Stevie,Reddish,24,Director of Sales,2019-03-11 00:51:55
101,Keelby,Andriesse,26,Payment Adjustment Coordinator,2017-08-13 00:43:36
102,Margie,Tingcomb,46,Marketing Manager,2015-10-14 01:38:43
103,Gabriella,Necrews,22,Nurse,2015-06-23 13:40:29
104,Merry,McLaughlan,65,Business Systems Development Analyst,2018-11-04 11:37:09
105,Mahala,Lyndon,22,Registered Nurse,2018-06-18 22:19:35
106,Jordain,Durran,59,Help Desk Technician,2017-09-22 19:08:57
107,Roddie,Leftridge,48,Nurse Practicioner,2016-07-26 05:19:42
108,Orella,Vannet,24,Structural Engineer,2019-01-12 19:57:57
109,Carmelita,Liversley,31,Environmental Specialist,2018-04-05 14:17:46
110,Katrina,Corbally,45,Design Engineer,2016-03-12 19:07:19
111,Bettine,Waddilove,36,Sales Associate,2019-02-19 19:58:05
112,Viva,Yoskowitz,49,Research Nurse,2017-10-04 14:03:15
113,Freida,Dymock,57,Speech Pathologist,2018-08-09 12:54:59
114,Remus,Valadez,36,Quality Control Specialist,2016-04-26 04:08:17
115,Clarette,Shirley,62,General Manager,2018-11-10 04:10:35
116,Celia,Hesse,48,Senior Editor,2016-11-29 12:25:48
117,Burr,Gamlen,18,Account Executive,2016-04-15 04:37:11
118,Jennette,Giraths,13,Electrical Engineer,2015-08-27 13:55:29
119,Lorita,MacFarlan,43,Clinical Specialist,2016-06-08 07:06:04
120,Rocky,Dibbs,26,Web Developer IV,2017-03-28 14:20:36
121,Mickie,Muldownie,43,Budget/Accounting Analyst III,2017-07-06 23:30:51
122,Maurits,MacIlraith,13,Data Coordiator,2017-02-06 07:32:53
123,Abbe,Agate,43,Speech Pathologist,2017-09-30 06:56:17
124,Yard,Curgenuer,18,Biostatistician I,2019-03-06 11:46:59
125,Cecilla,O'Donegan,60,Safety Technician III,2018-05-12 02:51:28
126,Giovanni,Wilmington,16,VP Marketing,2018-04-04 14:46:40
127,Faythe,Zotto,62,Assistant Manager,2016-01-23 04:04:51
128,Denys,Cosham,13,Research Nurse,2016-09-05 17:39:02
129,Ferdie,Fayer,55,VP Quality Control,2018-01-05 07:31:03
130,Luke,Dionisetti,43,VP Quality Control,2016-08-13 20:51:36
131,Cara,McGourty,9,Project Manager,2016-08-02 05:31:28
132,Hersh,Canham,33,Research Assistant IV,2018-06-29 21:46:51
133,Tanner,Hynde,21,Physical Therapy Assistant,2017-10-09 10:45:03
134,Gordie,Grcic,32,Structural Analysis Engineer,2018-04-13 03:10:37
135,Ermina,Briat,26,Administrative Assistant IV,2016-07-12 04:36:41
136,Auberon,Oakhill,60,Quality Engineer,2016-10-11 07:59:38
137,Darnall,Andrich,57,Teacher,2017-03-13 02:35:45
138,Annadiana,Barbery,35,Business Systems Development Analyst,2017-01-18 15:27:38
139,Nellie,Hrinchishin,36,Programmer Analyst II,2015-09-11 08:27:49
140,Leigh,Semerad,49,Librarian,2015-09-15 15:18:43
141,Debby,Lyenyng,13,Actuary,2017-04-13 17:07:45
142,Sibelle,Danet,30,Executive Secretary,2018-05-21 09:09:24
143,Wolfgang,Rivel,13,Geologist I,2016-08-25 09:47:37
144,Galen,Broschek,36,Teacher,2018-03-26 14:08:07
145,Alister,Goding,54,Account Representative II,2018-10-05 13:23:57
146,Valene,MacAlroy,47,Account Coordinator,2018-06-25 11:15:59
147,Horace,Shoosmith,59,Recruiter,2017-07-27 15:36:28
148,Arvin,Rhule,63,Data Coordiator,2016-01-27 07:22:45
149,Adelheid,Vannuccinii,8,Associate Professor,2018-01-18 01:27:11
150,Yolanda,Vousden,17,Civil Engineer,2015-10-20 04:10:53
151,Farand,Cambden,18,Assistant Media Planner,2018-11-26 10:13:46
152,Brandice,Prose,53,GIS Technical Architect,2016-02-26 05:47:31
153,Ross,Lettsom,22,Research Nurse,2016-10-29 23:32:51
154,Merry,O'Monahan,44,Community Outreach Specialist,2018-07-28 13:07:31
155,Iver,Scrigmour,16,Quality Control Specialist,2016-05-09 16:31:32
156,Katy,Langtree,59,VP Accounting,2015-09-27 11:14:02
157,Gonzales,Dami,61,Budget/Accounting Analyst IV,2015-07-19 04:53:54
158,Constantine,Strephan,23,Staff Scientist,2016-06-09 21:31:00
159,Matelda,Pritchard,27,Chemical Engineer,2016-03-11 09:03:41
160,Harper,Shiels,8,Financial Analyst,2016-10-05 09:25:18
161,Lidia,Waind,45,Administrative Officer,2016-11-22 20:14:35
162,Janetta,Matveyev,26,Administrative Assistant I,2016-05-20 04:48:23
163,Federica,Fitchett,40,Tax Accountant,2018-07-26 08:54:23
164,Myrilla,Ibert,63,GIS Technical Architect,2017-11-11 18:57:51
165,Andy,Linn,62,Environmental Specialist,2017-11-13 01:08:11
166,Odele,Woodfin,32,Compensation Analyst,2017-09-11 03:11:40
167,Oates,Reaman,12,Professor,2015-12-04 12:00:47
168,Rosita,Franck,35,Senior Developer,2018-03-12 07:20:47
169,Elenore,Pridding,38,Product Engineer,2016-11-15 15:41:42
170,Parker,Forgan,15,Junior Executive,2018-05-15 04:34:58
171,Basile,Farish,26,Librarian,2015-04-27 14:40:06
172,Dewain,Routledge,51,Computer Systems Analyst III,2019-04-07 03:35:58
173,Andrei,Puddephatt,10,Desktop Support Technician,2018-10-07 12:13:28
174,Ewan,Heady,35,Recruiting Manager,2017-08-25 06:16:40
175,Cyril,Pascho,22,Sales Associate,2015-09-06 05:59:02
176,Guillemette,Whitehurst,13,Senior Cost Accountant,2017-06-04 17:06:02
177,Logan,Winspur,42,Statistician I,2015-06-30 01:13:43
178,Aaron,Koche,46,Social Worker,2017-06-01 20:05:15
179,Zilvia,Meron,40,Marketing Assistant,2015-04-14 21:43:46
180,Joletta,Barczewski,15,Quality Control Specialist,2017-05-15 06:42:32
181,Keelia,Arne,13,Computer Systems Analyst IV,2018-06-29 00:36:30
182,Xylina,Gillam,35,Electrical Engineer,2018-10-31 19:09:43
183,Romola,Charlewood,18,Web Developer I,2018-10-04 21:56:29
184,Rubina,Ridgers,64,Web Developer IV,2016-07-22 15:50:54
185,Edy,Slym,26,Payment Adjustment Coordinator,2016-11-26 21:50:59
186,Marve,Havoc,22,Cost Accountant,2015-09-20 23:53:20
187,Quincy,Sirl,60,VP Quality Control,2018-06-22 15:20:18
188,Merilee,Roggieri,27,Director of Sales,2016-07-17 14:15:07
189,Burke,Gorick,16,Social Worker,2018-04-20 07:49:30
190,Gwendolyn,Jarman,8,Junior Executive,2016-12-12 22:23:36
191,Mellie,MacGruer,51,Human Resources Assistant I,2018-07-09 06:33:07
192,Sax,Deavall,45,Director of Sales,2018-12-15 00:25:26
193,Charlotta,Tocknell,38,VP Product Management,2015-11-07 21:49:25
194,Nathan,Cardero,27,Recruiter,2017-11-12 05:31:24
195,Dulciana,Lynock,15,Assistant Media Planner,2018-09-23 20:01:52
196,Meaghan,Toner,24,Assistant Professor,2015-10-27 22:02:50
197,Gawen,Sywell,17,Director of Sales,2018-03-09 18:03:09
198,Hadlee,Ludye,11,Editor,2018-05-16 16:22:34
199,Jacquelin,Wrightson,36,Paralegal,2015-12-28 08:15:28
200,Kinna,Baggalley,22,Teacher,2018-07-23 07:38:41
201,Genvieve,Dudman,13,Data Coordiator,2017-03-24 08:51:55
202,Carol,Sills,61,GIS Technical Architect,2016-12-27 12:28:36
203,Jayme,Blaszczyk,49,Civil Engineer,2017-11-14 00:57:11
204,Yance,Reubens,20,Software Consultant,2017-01-20 14:27:21
205,Avigdor,Braune,33,Software Consultant,2017-01-13 14:44:42
206,Jammal,Sherrock,29,Programmer Analyst I,2015-12-22 06:43:50
207,Estevan,Ivins,40,Developer II,2017-09-24 10:01:32
208,Mark,Cheesman,64,Research Nurse,2018-05-22 02:23:08
209,Anabella,Harken,35,Civil Engineer,2016-02-04 22:31:49
210,Merry,Faulder,42,VP Sales,2017-02-05 23:28:32
211,Gail,Pavitt,16,Tax Accountant,2018-02-17 12:28:58
212,Galvan,Tulleth,56,Assistant Manager,2018-04-29 17:06:17
213,Audre,Betts,9,Quality Engineer,2017-03-10 02:05:16
214,Dyna,Ovett,50,Analog Circuit Design manager,2015-05-15 17:51:32
215,Durward,Grimster,30,Desktop Support Technician,2017-06-16 17:45:29
216,Naoma,Salaman,11,Account Representative III,2016-07-04 03:52:32
217,Ramonda,Alaway,35,Automation Specialist III,2017-11-08 15:30:06
218,Gavra,Stork,23,Environmental Tech,2017-11-29 07:07:16
219,Benedict,Jayme,33,Geological Engineer,2016-05-12 04:16:21
220,Hermia,Staddom,45,Structural Analysis Engineer,2018-08-28 13:34:16
221,Darsie,MacQuist,26,Account Coordinator,2016-12-09 05:33:58
222,Ive,Cripps,21,VP Marketing,2016-12-12 01:43:32
223,Antone,Davitti,10,Editor,2018-06-12 18:13:01
224,Cobbie,Stearn,16,Environmental Tech,2017-06-15 10:12:38
225,Casandra,Veldstra,41,Technical Writer,2015-09-13 12:58:16
226,Penn,Longfield,25,Nurse Practicioner,2018-11-18 05:05:24
227,Britta,Newbold,61,Occupational Therapist,2019-01-31 12:35:08
228,Dulcinea,McComiskey,48,Research Assistant I,2016-12-15 09:15:18
229,Rickie,Powlesland,15,Editor,2016-06-25 13:57:28
230,Kamila,Saveall,31,Chief Design Engineer,2018-06-24 00:36:33
231,Aurea,Crecy,36,Information Systems Manager,2019-02-02 03:18:10
232,Carr,Barhem,42,Internal Auditor,2017-12-21 20:07:43
233,Coretta,Kocher,52,Human Resources Manager,2017-10-23 15:45:55
234,Elenore,Hyams,17,Cost Accountant,2017-03-30 00:51:53
235,Marlin,Quayle,38,Sales Representative,2016-04-05 00:03:17
236,Danica,Arnout,29,Project Manager,2016-06-27 12:59:51
237,Abbe,Reeman,36,Senior Sales Associate,2015-04-15 22:50:22
238,Louisa,Ortes,43,Civil Engineer,2019-02-03 12:19:58
239,Berthe,Renol,55,Chief Design Engineer,2015-05-15 05:38:53
240,Jillane,Goncalo,19,Systems Administrator II,2016-08-22 17:12:56
241,Fionnula,MacMenemy,53,Recruiter,2016-09-24 21:21:50
242,Clarence,Birkmyre,18,Legal Assistant,2017-11-07 22:35:00
243,Nils,Purdon,30,Human Resources Manager,2016-09-29 18:45:13
244,Chelsie,Elldred,53,Geologist IV,2015-06-26 22:00:40
245,Barbee,Alyoshin,42,Nuclear Power Engineer,2015-06-16 10:18:32
246,Sonnie,Luparti,34,Research Associate,2018-11-27 23:15:28
247,Had,Pencost,50,Teacher,2017-04-06 04:08:20
248,Wallas,Klimowski,34,Engineer II,2017-07-02 06:41:57
249,Lonny,Rushbrook,25,Director of Sales,2017-03-30 20:01:20
250,Carline,Tresvina,64,Actuary,2019-02-17 13:48:46
251,Rebekah,Beel,36,Biostatistician I,2017-11-13 23:50:58
252,Kimball,Chew,59,Environmental Tech,2019-02-27 10:14:15
253,Josh,Wye,24,Executive Secretary,2018-06-07 00:36:47
254,Ailina,Clowes,42,Software Engineer III,2015-05-28 18:59:58
255,George,Auchterlonie,10,Executive Secretary,2019-02-14 14:42:22
256,Palm,Letessier,25,Design Engineer,2015-04-22 07:22:24
257,Tess,Duignan,45,Compensation Analyst,2018-04-09 00:06:16
258,Bernelle,Godlee,12,Information Systems Manager,2017-03-02 17:51:23
259,Nanni,Heak,25,Graphic Designer,2018-03-29 06:35:57
260,Annamaria,Mayo,58,Automation Specialist I,2019-02-14 20:31:17
261,Tull,Stares,17,Quality Engineer,2016-01-12 07:38:32
262,Mab,Hefferan,36,Data Coordiator,2016-09-26 21:48:44
263,Dorris,Beekman,48,Safety Technician IV,2017-01-13 07:10:36
264,Viv,Fiddeman,62,Human Resources Assistant IV,2018-06-30 06:07:54
265,Aveline,Kennaird,43,Mechanical Systems Engineer,2016-03-27 22:06:28
266,Wildon,Bradwell,19,Executive Secretary,2018-12-09 00:03:12
267,Crissie,Munks,9,Administrative Officer,2018-05-14 05:23:04
268,Anjanette,Niblo,17,Electrical Engineer,2018-05-09 14:27:24
269,Diarmid,Cullotey,18,Financial Analyst,2015-10-14 02:33:58
270,Simon,Shipston,16,Chemical Engineer,2017-11-02 11:02:51
271,Bartel,Covendon,45,Registered Nurse,2018-04-04 20:32:07
272,Sandor,Harland,37,General Manager,2017-10-21 05:31:36
273,Michael,Kaysor,31,Junior Executive,2019-03-30 13:31:49
274,Harald,Needs,36,Registered Nurse,2016-07-21 11:06:51
275,Krishnah,Siemianowicz,65,Structural Analysis Engineer,2015-10-28 19:39:59
276,Alexa,Tripett,18,Data Coordiator,2015-10-27 18:44:00
277,Eunice,Treamayne,19,Help Desk Operator,2016-05-14 16:38:04
278,Janet,Byram,10,Programmer IV,2018-05-02 01:56:12
279,Christophe,Pottell,26,Junior Executive,2015-06-07 23:10:02
280,Janela,Shaefer,22,Software Test Engineer II,2016-10-19 05:05:42
281,Thane,Pedracci,63,VP Sales,2016-08-23 05:09:19
282,Albie,Motto,50,Product Engineer,2016-10-15 13:31:17
283,Sheree,Riseley,19,Senior Financial Analyst,2017-09-17 05:11:44
284,Vilhelmina,Navaro,57,Technical Writer,2016-03-19 04:28:27
285,Chas,Govey,20,Computer Systems Analyst I,2016-10-01 16:36:26
286,Viki,Iacomelli,65,VP Marketing,2017-12-06 12:13:28
287,Aubrey,Champerlen,15,Software Engineer I,2018-02-13 01:38:21
288,Pascale,Tuminelli,31,Nuclear Power Engineer,2019-02-17 08:19:07
289,Kenton,Matschuk,44,Recruiting Manager,2018-02-06 14:40:23
290,Lonee,Keoghan,39,Environmental Tech,2015-10-16 22:24:22
291,Stan,Philson,65,GIS Technical Architect,2017-08-30 05:47:11
292,Curran,Mitchard,45,Financial Analyst,2019-01-19 14:22:45
293,Germana,Antunes,10,Developer IV,2017-10-30 12:28:05
294,Babara,Dooland,54,Nurse,2019-02-25 04:50:45
295,Rora,Bibbie,25,Human Resources Assistant I,2018-05-04 19:36:40
296,Debbi,Krauze,45,Junior Executive,2016-01-30 01:06:28
297,Simone,Juliff,9,Tax Accountant,2016-03-19 19:01:01
298,Torry,Stephens,15,Systems Administrator II,2017-04-01 01:59:55
299,Nelle,Habbon,16,Human Resources Manager,2018-03-08 14:29:32
300,Marlin,Rex,51,Geological Engineer,2017-12-04 01:40:49
301,Benedikt,Mundy,16,Software Consultant,2017-01-29 18:12:52
302,Logan,Tasker,34,Staff Scientist,2015-09-02 10:45:54
303,Aimil,Freeburn,48,Quality Engineer,2016-06-24 13:07:31
304,Joane,Eve,39,Assistant Media Planner,2016-06-28 04:30:21
305,Baird,Infantino,30,Social Worker,2018-10-07 18:39:50
306,Jarvis,Hardison,24,Electrical Engineer,2018-07-07 19:00:23
307,Arlen,de la Valette Parisot,25,Desktop Support Technician,2017-03-06 11:36:28
308,Warner,Coneron,65,VP Product Management,2017-04-13 03:07:36
309,Zacharias,Westoll,45,VP Sales,2018-02-15 09:06:28
310,Aldric,Diche,25,Database Administrator I,2017-03-22 07:15:30
311,Martyn,Paten,56,Product Engineer,2015-09-25 05:05:54
312,Pearla,Buck,64,Payment Adjustment Coordinator,2018-02-08 23:36:16
313,Yalonda,Tomala,40,Administrative Assistant I,2015-05-01 01:27:26
314,Dukie,Whyley,27,Paralegal,2018-03-10 22:32:25
315,Kyla,Pymm,36,Associate Professor,2016-09-24 08:56:16
316,Jeri,Pache,31,Data Coordiator,2018-05-10 14:31:12
317,Rona,Scanlon,64,Paralegal,2017-10-20 16:46:42
318,Kim,Ivakin,38,VP Quality Control,2015-05-14 13:00:22
319,Dorette,Atkyns,41,Programmer Analyst II,2017-05-22 11:54:52
320,Abey,Stranieri,58,Tax Accountant,2017-07-03 21:31:46
321,Errick,Highnam,21,Automation Specialist II,2016-05-09 11:04:16
322,Harbert,Duncklee,65,Database Administrator IV,2015-12-01 21:45:30
323,Marcella,Record,56,Account Representative III,2017-07-14 17:31:23
324,Mychal,Pigny,51,Food Chemist,2015-11-21 12:06:17
325,Ethelda,Nisby,20,Environmental Specialist,2016-06-17 05:14:21
326,Agnese,Ailsbury,59,Senior Developer,2015-07-13 06:56:54
327,Hube,Hambric,51,Compensation Analyst,2015-08-17 05:05:20
328,Joanie,Stokell,62,Account Representative IV,2016-02-02 08:16:09
329,Dinah,Richter,29,Web Designer III,2015-06-24 01:32:16
330,Taylor,Rossbrook,64,Tax Accountant,2015-10-11 02:24:53
331,Dinnie,Burder,10,Executive Secretary,2015-04-10 20:08:51
332,Abbott,Rosenhaupt,61,Speech Pathologist,2017-03-12 08:06:29
333,Simon,Daughtrey,48,GIS Technical Architect,2018-08-02 19:53:05
334,Sianna,Drache,49,Product Engineer,2018-02-07 22:12:44
335,Atalanta,Tschursch,13,Sales Associate,2015-08-29 11:43:04
336,Chaim,Candlin,32,Internal Auditor,2016-12-01 01:12:43
337,Dukey,Micklewright,24,Account Coordinator,2018-12-09 15:15:34
338,Carina,Triplet,35,Quality Engineer,2017-12-26 02:59:13
339,Debby,Lucken,56,General Manager,2016-04-10 16:26:27
340,Patric,Shoute,12,Geologist I,2016-09-16 19:54:01
341,Lela,Westphalen,57,Information Systems Manager,2018-11-05 06:01:16
342,Mariele,Reston,41,Legal Assistant,2018-07-12 01:52:13
343,Cassie,Apfler,26,Recruiter,2015-04-25 02:28:33
344,Huntley,Gateman,21,Librarian,2016-05-20 04:25:04
345,Petronilla,Midlane,32,Project Manager,2017-06-21 21:39:42
346,Wang,Norwood,50,Accountant II,2018-08-31 01:58:45
347,Susana,Bensen,60,Desktop Support Technician,2018-06-26 11:22:27
348,Garey,Gouldsmith,48,Web Designer IV,2015-08-07 16:50:32
349,Kailey,Roalfe,13,Software Test Engineer I,2016-10-03 20:59:29
350,Hector,Mauger,8,Chemical Engineer,2019-01-21 05:52:58
351,Florie,Hadenton,59,Media Manager I,2017-10-27 16:43:26
352,Nadean,Ockleshaw,21,Assistant Professor,2018-08-24 22:24:17
353,Marcellus,Ricket,57,Senior Financial Analyst,2016-01-02 04:06:52
354,Ebonee,Moncaster,19,Dental Hygienist,2018-12-17 22:38:01
355,Gram,Ulyatt,63,Research Nurse,2016-06-16 19:00:03
356,Vania,Pietrzak,17,Technical Writer,2018-06-25 07:41:32
357,Gwenny,Wrist,33,Social Worker,2017-07-28 01:04:59
358,Fairlie,Manis,51,Environmental Specialist,2018-06-29 01:15:50
359,Clive,Menichino,64,Accountant I,2015-06-09 20:40:46
360,Dewey,Gawkes,56,Recruiter,2015-09-07 11:24:27
361,Kaia,Arkle,56,Computer Systems Analyst IV,2019-01-19 22:17:17
362,Nessi,Bodley,53,Software Engineer IV,2017-06-01 17:31:39
363,Deva,Burberow,10,Compensation Analyst,2017-07-16 23:43:37
364,Briggs,Jenkerson,33,Software Test Engineer IV,2016-11-26 01:48:48
365,Faith,Cumbridge,14,Project Manager,2016-04-08 19:37:54
366,Twyla,Burkett,43,Statistician II,2018-10-07 15:02:13
367,Nathanial,Buller,49,Office Assistant IV,2015-11-01 09:02:45
368,Baudoin,Rosso,56,Engineer II,2015-10-01 07:57:55
369,Danyelle,Ply,29,Help Desk Technician,2019-01-20 08:32:54
370,Thornie,Crummie,31,Research Nurse,2016-01-22 14:49:59
371,Kordula,Brydon,37,Product Engineer,2018-12-06 03:00:36
372,Jerrilee,Denizet,64,Food Chemist,2018-12-12 17:32:36
373,Susann,O'Carney,22,Automation Specialist IV,2018-09-06 01:58:48
374,Lou,Redborn,33,Mechanical Systems Engineer,2016-04-14 01:19:09
375,Hughie,Charke,46,Social Worker,2017-01-04 08:28:52
376,Estevan,Berzons,13,Registered Nurse,2018-02-26 05:43:11
377,Norine,Dilks,61,VP Product Management,2018-11-18 15:59:31
378,Gabriela,Oxlade,57,Health Coach II,2015-08-16 17:30:55
379,Will,Bridges,11,Computer Systems Analyst I,2017-05-07 16:06:43
380,Wandie,Greensall,36,Media Manager II,2017-11-25 15:50:53
381,Rosalyn,Aphale,19,Paralegal,2016-12-08 12:52:13
382,Mannie,Douberday,32,Staff Accountant I,2016-07-15 05:23:15
383,Leah,Dixie,58,Internal Auditor,2015-05-15 03:08:47
384,Berny,Chellam,45,Office Assistant I,2018-04-02 08:54:51
385,Ringo,Siviour,9,Financial Advisor,2016-11-21 13:29:07
386,Therine,Milburn,42,VP Quality Control,2017-02-24 10:45:53
387,Tim,Ridsdell,18,Staff Scientist,2017-03-07 12:28:42
388,Roobbie,Heckle,36,Physical Therapy Assistant,2017-11-18 10:04:20
389,Levey,Snalum,30,Automation Specialist IV,2016-07-28 07:03:48
390,Jacquenetta,Boorne,20,Senior Cost Accountant,2018-06-01 02:13:52
391,Naomi,Vaisey,33,VP Marketing,2017-03-11 23:00:12
392,Cathyleen,Divine,63,Analog Circuit Design manager,2016-07-28 09:16:32
393,Annamaria,Lody,31,Dental Hygienist,2017-01-11 04:47:56
394,Verine,Harms,29,Accounting Assistant I,2015-12-07 04:04:38
395,Zacharie,Oldham,52,Staff Accountant III,2017-06-10 21:53:41
396,Pammy,Kaine,26,Social Worker,2016-08-25 13:08:49
397,Augustus,Leddy,8,Help Desk Technician,2018-08-17 23:11:38
398,Derek,Gorner,50,Desktop Support Technician,2017-09-02 04:40:21
399,Alleen,I'anson,56,Assistant Manager,2015-05-12 01:34:59
400,Hoyt,Sidney,48,Nurse Practicioner,2015-11-10 03:38:44
401,Casey,Hartell,25,Structural Engineer,2017-06-29 21:44:50
402,Rickey,Medendorp,21,Environmental Specialist,2018-09-29 09:15:28
403,Aksel,MacKey,12,Professor,2017-09-10 05:04:18
404,Con,Chaudret,28,Engineer IV,2015-12-16 00:07:28
405,Kristoffer,Boxhall,25,Product Engineer,2016-02-21 00:38:22
406,Lauralee,Avrahamian,21,Senior Editor,2019-01-30 11:59:59
407,Hammad,Birchwood,51,Senior Quality Engineer,2015-08-24 16:01:25
408,Clo,Gadie,15,Financial Advisor,2015-12-25 03:42:31
409,Olga,Bilby,8,Graphic Designer,2016-09-08 07:03:22
410,Waneta,Pray,36,Clinical Specialist,2017-09-09 06:08:03
411,Charissa,Normansell,49,Project Manager,2018-05-26 20:57:54
412,Mirabella,Styan,47,Nurse,2019-03-19 23:31:26
413,Dione,Renneke,11,Information Systems Manager,2015-06-19 16:47:07
414,Juieta,Faulo,55,Nurse,2015-09-11 03:17:42
415,Brok,Pardy,9,Occupational Therapist,2018-03-24 08:55:49
416,Hally,Bownes,29,VP Sales,2015-06-07 17:34:09
417,Mylo,Antuk,9,Senior Sales Associate,2017-07-24 17:59:20
418,Dew,Costard,29,Information Systems Manager,2019-03-25 19:52:11
419,Hedy,Lovering,62,Operator,2017-12-30 03:39:06
420,Diane-marie,Abbyss,19,Professor,2018-01-23 08:22:15
421,Rozalin,Downse,24,Compensation Analyst,2017-03-04 23:06:58
422,Collette,Aronov,32,Sales Representative,2017-11-05 05:34:07
423,Sashenka,Fries,19,Project Manager,2018-05-03 19:58:12
424,Kelila,Brannigan,16,Director of Sales,2018-09-06 03:13:20
425,Storm,Gatty,55,General Manager,2017-12-08 05:32:31
426,Myrtle,Hallick,21,Professor,2018-10-27 20:50:19
427,Tatum,Crofthwaite,34,Account Representative I,2017-10-15 23:52:06
428,Alvina,Hyam,51,Cost Accountant,2015-10-26 23:42:29
429,Willie,Mitro,13,Paralegal,2016-03-26 03:38:27
430,Yulma,Hardwin,25,Geologist I,2018-07-19 14:50:33
431,Anthe,Massimi,37,Engineer II,2015-08-21 06:28:26
432,Devin,Grayne,60,Account Representative I,2018-05-21 02:22:57
433,Barny,Schubart,62,Assistant Professor,2016-07-27 19:18:41
434,Aland,Ransom,38,Environmental Specialist,2016-09-25 01:07:06
435,Zerk,Ecclestone,30,Nurse Practicioner,2015-12-20 02:57:15
436,Lynda,Renyard,10,VP Quality Control,2018-08-13 22:31:11
437,Andrew,Baldung,59,Computer Systems Analyst I,2016-10-07 19:49:03
438,Glyn,Yellowlees,43,Pharmacist,2016-06-26 05:33:21
439,Dael,Olle,57,Statistician I,2018-12-25 02:52:43
440,Xena,Libreros,43,Account Coordinator,2016-07-10 09:53:53
441,Christy,Mesant,37,Social Worker,2017-10-31 00:09:47
442,Josh,Bulfit,53,Recruiting Manager,2015-10-09 11:32:05
443,Vivi,Ferrier,20,Business Systems Development Analyst,2017-03-30 20:45:40
444,Pamela,Baison,19,Nurse,2016-10-16 07:33:16
445,Morie,Tremeer,13,Teacher,2017-01-06 06:17:40
446,Biron,Waslin,17,Administrative Officer,2018-11-16 02:19:05
447,Susy,Belvard,11,Marketing Manager,2018-01-06 18:11:31
448,Ardisj,Crombie,54,Account Representative I,2015-06-10 16:07:07
449,Taddeo,Gaukroger,18,Biostatistician III,2016-05-20 11:10:57
450,Lorianne,Penniall,58,Desktop Support Technician,2017-04-05 17:59:05
451,Franzen,Baltrushaitis,20,Staff Scientist,2015-11-27 14:41:50
452,Giacinta,Boyington,15,VP Accounting,2015-05-31 23:15:03
453,Genia,Staresmeare,42,Quality Engineer,2016-11-15 21:54:47
454,Lena,Bonus,52,Assistant Professor,2016-03-13 15:30:44
455,Wenona,Capelin,65,Senior Financial Analyst,2018-09-15 03:30:03
456,Leoline,Faveryear,31,Administrative Assistant IV,2016-01-15 15:22:52
457,Donn,Tawn,30,Environmental Tech,2018-01-22 14:43:14
458,Osborn,Bamblett,30,Junior Executive,2016-08-17 19:10:50
459,Louisette,Roncelli,29,Developer IV,2017-11-08 00:37:03
460,Flossie,Fernao,19,Payment Adjustment Coordinator,2016-09-16 09:29:33
461,Cyrus,Blazey,60,Research Assistant II,2015-09-09 02:02:56
462,Gayler,Creus,22,Professor,2015-06-04 12:11:02
463,Evangelia,Eglise,11,Food Chemist,2017-06-05 17:08:13
464,Rhoda,Matthai,58,Executive Secretary,2018-02-17 15:43:57
465,Emyle,Gauvin,50,Computer Systems Analyst III,2017-06-08 19:17:21
466,Dannie,Mowne,12,Librarian,2018-06-13 11:16:37
467,Doralynne,Milton-White,37,Accounting Assistant I,2016-09-25 11:28:51
468,Penelopa,Varfalameev,52,Account Coordinator,2015-09-27 23:59:50
469,Josephine,Gornall,17,Accounting Assistant II,2018-02-03 05:32:22
470,Paula,Grimmolby,48,Database Administrator IV,2016-01-16 13:19:54
471,Dacia,Dupree,24,VP Marketing,2017-08-03 05:41:45
472,Meta,Maysor,44,Editor,2016-05-01 19:16:50
473,Norine,Reinhard,24,Executive Secretary,2019-01-16 09:06:31
474,Pryce,Dummett,64,Administrative Assistant II,2017-01-07 13:13:44
475,Conan,Sammonds,17,Assistant Media Planner,2015-04-24 22:38:26
476,Baryram,O'Halloran,51,Marketing Manager,2018-03-18 11:19:02
477,Brooke,Piddock,54,Assistant Professor,2016-05-25 21:58:55
478,Averell,Fairfoull,17,Pharmacist,2016-11-26 03:35:46
479,Bail,Camin,19,Assistant Professor,2016-10-07 23:20:41
480,Mortie,Minnis,20,Help Desk Technician,2016-11-30 03:44:36
481,Jehanna,Olivetti,14,VP Marketing,2015-04-16 02:46:06
482,Shelley,Thurborn,34,Account Representative III,2017-06-20 08:46:35
483,Frederic,Dewett,48,Recruiting Manager,2016-10-03 22:57:05
484,Cordie,Guidotti,21,Account Executive,2016-08-12 07:13:43
485,Mari,Smeuin,56,Marketing Manager,2016-08-14 19:53:08
486,Rorie,Germaine,62,Physical Therapy Assistant,2018-06-29 23:38:45
487,Odelle,Overstall,46,Graphic Designer,2016-12-16 05:10:39
488,Shaina,Mattingson,26,Desktop Support Technician,2018-01-06 10:06:21
489,Gare,Charrier,25,Occupational Therapist,2015-09-18 05:37:49
490,Ashil,Robbeke,40,Senior Quality Engineer,2016-07-01 13:01:29
491,Goraud,Brownscombe,24,Analog Circuit Design manager,2019-03-08 12:11:06
492,Angie,Di Carli,37,Librarian,2017-08-11 10:58:57
493,Rem,Copelli,39,Clinical Specialist,2018-01-15 06:09:02
494,Denyse,Goldthorp,33,Media Manager III,2016-09-01 20:45:35
495,Terza,Sweetzer,49,Budget/Accounting Analyst II,2018-05-28 14:56:48
496,Angus,McKevany,16,Nurse Practicioner,2018-01-23 22:25:27
497,Jaye,Waitland,51,Dental Hygienist,2018-11-16 02:50:46
498,Mortie,Liversedge,32,Administrative Officer,2018-07-04 05:22:54
499,Bethanne,Peacop,33,Executive Secretary,2016-01-31 12:47:14
500,Sybille,Blaskett,12,Graphic Designer,2016-03-11 08:05:25
501,Redford,Laguerre,48,Cost Accountant,2018-05-15 13:16:01
502,Shelba,Pead,20,Tax Accountant,2017-05-20 22:26:18
503,Beauregard,Rosevear,24,Senior Cost Accountant,2019-01-28 08:52:08
504,Stephana,Savell,51,Social Worker,2017-11-09 05:00:48
505,Bronson,Stichall,13,Civil Engineer,2018-06-29 15:46:15
506,Carmelle,McAuley,42,Staff Scientist,2016-06-12 04:01:09
507,Fernanda,Threadkell,40,Automation Specialist IV,2018-03-27 09:56:28
508,Farris,Buckner,52,Geologist III,2019-03-10 05:42:19
509,Erica,Kidder,11,Account Executive,2016-09-05 02:09:05
510,Steve,Emmitt,51,Assistant Manager,2015-11-12 09:35:03
511,Merrielle,Thridgould,8,Research Associate,2017-09-28 04:50:03
512,Eachelle,Backen,63,Administrative Officer,2016-03-19 17:22:36
513,Babbette,Fairholme,47,Staff Scientist,2017-02-21 07:15:16
514,Nataniel,Corrison,44,Help Desk Technician,2019-02-28 02:41:29
515,Billi,Scaice,35,Structural Analysis Engineer,2018-10-06 15:30:16
516,Lorrin,Hryniewicz,45,Librarian,2018-09-24 07:50:39
517,Shaylynn,Kiernan,50,Geological Engineer,2016-03-03 02:37:07
518,Rosella,Primmer,64,Civil Engineer,2017-07-22 02:07:05
519,Corby,Fellow,65,Teacher,2017-06-12 06:54:21
520,Thorvald,Hadgraft,60,Research Associate,2018-02-10 20:12:08
521,Patrice,Pelos,54,Marketing Assistant,2016-09-25 01:39:42
522,Elmo,Bardsley,54,Nurse,2015-06-30 16:37:00
523,Earle,Nuss,12,Human Resources Assistant III,2015-08-16 06:33:21
524,Amelia,Daynter,33,Director of Sales,2015-04-22 21:23:31
525,Chad,Ayris,24,Web Designer I,2019-01-05 03:32:50
526,Cherey,Syddie,63,Recruiter,2015-12-14 16:31:04
527,Cammie,Duligall,64,Actuary,2017-02-11 23:46:43
528,Anne-marie,Widocks,57,Product Engineer,2018-02-24 06:44:23
529,Tansy,Sprigings,31,Geological Engineer,2016-06-30 05:18:37
530,Lemar,Malpas,44,Product Engineer,2015-05-10 22:51:40
531,Wyn,Lentsch,15,Research Associate,2015-10-29 15:44:16
532,Tammara,Pourvoieur,51,Nurse,2017-10-12 03:58:47
533,Crin,Teare,24,Physical Therapy Assistant,2018-02-26 10:07:10
534,Selie,Iamittii,13,Environmental Tech,2017-11-01 10:48:40
535,Oswell,Dabourne,12,Recruiter,2018-01-13 13:24:02
536,Carmela,Trewhela,26,Research Associate,2017-01-01 02:05:39
537,Park,Ludwikiewicz,26,VP Product Management,2018-09-01 18:38:19
538,Ferrell,Waye,33,Financial Analyst,2019-02-15 17:00:25
539,Denise,MacAllester,32,Financial Advisor,2016-02-10 04:12:07
540,Vernon,Huban,35,Professor,2017-08-06 11:47:38
541,Claudina,Baudesson,19,Structural Engineer,2016-04-30 15:46:02
542,Alexei,Briskey,43,Budget/Accounting Analyst III,2018-09-02 09:11:46
543,Haskell,Seeks,62,Software Consultant,2018-05-29 04:29:34
544,Nolie,Fouldes,34,Staff Scientist,2015-07-17 17:41:35
545,Anjanette,Giorgio,40,Quality Control Specialist,2016-12-31 04:13:55
546,Avril,Auchterlonie,40,Community Outreach Specialist,2019-02-04 20:03:45
547,Reinaldo,Love,21,Account Executive,2017-11-05 22:58:32
548,Margaret,Abrahams,31,Financial Analyst,2018-10-17 04:10:33
549,Roman,Sketcher,24,Marketing Assistant,2015-12-29 02:55:18
550,Elden,Stillmann,14,Statistician I,2018-03-09 20:30:49
551,Kissie,McMillam,8,Internal Auditor,2016-01-02 00:49:37
552,Gaynor,Fitzmaurice,25,Research Assistant IV,2016-12-31 20:07:13
553,Abdel,Furber,39,Associate Professor,2018-04-09 13:01:24
554,Launce,Konke,55,Nurse Practicioner,2018-02-15 01:21:18
555,Patrizius,Gilcrist,50,Electrical Engineer,2017-11-22 11:45:16
556,Laurel,Deetch,45,Sales Representative,2018-10-21 17:07:13
557,Iain,St. Leger,28,Accountant II,2016-10-13 12:41:19
558,Cobb,Lipman,10,Research Assistant II,2015-07-01 04:49:23
559,Emelda,Jeayes,57,Statistician IV,2018-03-14 12:48:52
560,Ellynn,Watling,12,Design Engineer,2019-03-06 15:14:21
561,Arlin,Tamas,61,Software Consultant,2016-05-27 18:47:47
562,Sandy,Stockow,14,Research Assistant II,2018-03-12 11:16:57
563,Ken,Clarke,45,Pharmacist,2016-04-10 16:30:30
564,Bard,Gasking,23,Information Systems Manager,2016-04-27 05:33:20
565,Buddy,Burdytt,8,Research Nurse,2016-04-29 17:43:51
566,Teddi,Filgate,59,Director of Sales,2018-08-16 21:25:49
567,Roddy,Latimer,19,Associate Professor,2016-11-28 16:18:19
568,Lucio,De Biasi,14,Environmental Specialist,2018-03-17 10:02:07
569,Laurent,Braunthal,35,Engineer II,2017-04-08 00:52:15
570,Bethina,Clilverd,54,Community Outreach Specialist,2017-04-12 18:56:22
571,Benoite,De Metz,21,Product Engineer,2018-03-04 07:13:16
572,Warren,Lindsey,57,Research Associate,2016-12-05 13:17:07
573,Carina,Vickors,53,Automation Specialist I,2018-04-22 00:53:46
574,Naomi,Merchant,59,Physical Therapy Assistant,2015-09-06 22:28:51
575,Claretta,Slatten,36,Senior Editor,2016-06-11 19:16:55
576,Evered,Coulter,60,VP Product Management,2016-08-19 01:48:26
577,Anna-diane,Pettegre,57,Social Worker,2017-06-15 11:10:42
578,Alister,Poker,57,Sales Representative,2018-02-13 10:27:12
579,Edyth,Peace,29,Information Systems Manager,2016-06-01 11:16:06
580,Kearney,Gethen,42,Assistant Media Planner,2018-04-27 06:33:47
581,Des,Rosenberg,15,Desktop Support Technician,2018-10-11 18:56:43
582,Pippo,Matous,26,Human Resources Assistant III,2017-12-21 21:38:16
583,Bridget,Subhan,22,Web Designer III,2018-11-27 08:54:01
584,Reta,Clemendet,46,Professor,2016-06-10 05:45:55
585,Patsy,Jakubovicz,17,Electrical Engineer,2017-08-13 12:52:45
586,Rae,Phettiplace,13,Health Coach I,2016-10-25 22:43:40
587,Sky,Bianco,45,Media Manager IV,2016-10-03 04:10:07
588,Annecorinne,Ekins,20,Quality Engineer,2018-10-31 08:31:29
589,Idalina,Ladley,59,Desktop Support Technician,2015-12-14 03:20:12
590,Jobie,Capner,23,Financial Advisor,2018-05-30 06:38:07
591,Kinnie,Lethem,58,Marketing Manager,2018-10-23 07:46:52
592,Laure,Chell,34,Environmental Specialist,2017-03-11 01:12:33
593,Doug,Seniour,13,VP Sales,2017-10-21 20:15:22
594,Justina,Chatterton,54,Physical Therapy Assistant,2017-09-28 12:21:11
595,Derick,Cheves,47,Design Engineer,2016-05-09 14:14:34
596,Carin,Paniman,58,VP Accounting,2015-04-19 17:02:42
597,Nadean,Float,27,VP Accounting,2016-01-21 01:51:55
598,Godwin,Jaggs,49,Financial Advisor,2015-04-08 08:58:15
599,Lionello,Hustler,28,Accounting Assistant IV,2018-10-02 06:38:13
600,Dyna,Corre,31,Graphic Designer,2017-05-27 09:48:19
601,Monroe,O'Heyne,17,Budget/Accounting Analyst IV,2017-08-31 00:46:59
602,Vida,Shoppee,47,Food Chemist,2015-07-25 19:08:44
603,Hannah,Samper,25,Desktop Support Technician,2018-10-28 10:13:49
604,Lemmy,Phelps,51,Help Desk Technician,2017-09-05 18:54:33
605,Alys,Pelz,53,Human Resources Manager,2016-07-27 22:00:31
606,Berri,Keay,45,Business Systems Development Analyst,2016-03-19 07:43:24
607,Lilla,Prine,46,Junior Executive,2017-09-02 05:23:25
608,Silvain,McOwan,59,Sales Associate,2016-06-16 09:49:44
609,Felisha,Tattersill,63,Biostatistician III,2016-02-29 02:38:44
610,Prissie,Burchfield,28,Programmer III,2015-05-27 01:44:10
611,Lon,Jarrett,43,Human Resources Manager,2017-06-16 12:19:03
612,Kev,Firebrace,23,Librarian,2017-02-19 17:22:10
613,Margot,Costi,38,Teacher,2015-09-09 20:45:39
614,Vincents,Cotgrove,17,VP Product Management,2018-11-10 00:35:24
615,Yardley,Prangley,55,Senior Editor,2016-10-01 17:24:41
616,Gregoire,Casol,15,Director of Sales,2018-06-01 03:23:37
617,Danie,Hunston,39,Help Desk Operator,2016-03-04 23:47:12
618,Jany,Warrender,54,Programmer II,2018-11-10 13:16:24
619,Israel,Cordobes,13,Software Test Engineer IV,2018-12-26 13:34:22
620,Rosemonde,Grimolbie,12,Sales Representative,2018-11-14 10:55:48
621,Melodie,Tithecote,52,Professor,2019-03-24 01:44:19
622,Barbabra,Organer,13,Tax Accountant,2015-05-13 03:31:53
623,Hilda,Hurcombe,18,Marketing Assistant,2016-04-25 15:39:37
624,Christy,Scholtz,10,Human Resources Manager,2016-05-13 13:05:10
625,Gavra,Milmore,34,General Manager,2016-03-28 06:13:29
626,Joelynn,Dumbrell,31,Nurse,2016-05-04 10:36:22
627,Kelby,Tuppeny,34,Structural Engineer,2015-11-09 09:40:34
628,Eleonore,Motherwell,22,Assistant Manager,2016-07-27 07:25:24
629,Gwenore,Kiebes,16,Automation Specialist IV,2018-05-18 06:12:40
630,Angel,Melwall,26,Web Developer IV,2017-02-17 17:41:07
631,Andres,Copin,12,Occupational Therapist,2017-08-08 11:22:08
632,Griffie,Percy,11,Internal Auditor,2017-08-30 22:59:56
633,Grady,Lyngsted,41,Programmer II,2016-10-23 00:48:25
634,Corry,Pilipyak,10,Nurse Practicioner,2015-09-29 13:01:58
635,Freeman,Neising,63,Recruiting Manager,2019-03-24 05:50:33
636,Brana,Meharg,27,Desktop Support Technician,2017-04-29 14:03:47
637,Brewer,Hindenberger,21,Senior Sales Associate,2015-07-02 05:48:19
638,Dianna,Mabee,22,Environmental Tech,2016-04-12 16:17:30
639,Ally,Dignan,31,Desktop Support Technician,2019-03-05 04:48:32
640,Jodie,Zettler,58,Legal Assistant,2016-03-03 14:34:59
641,Tiphani,Lindenman,46,Health Coach I,2018-04-26 16:20:43
642,Terrye,Seven,32,Quality Control Specialist,2018-04-20 23:25:38
643,Jarret,Betton,58,Compensation Analyst,2018-06-15 05:31:21
644,Ronalda,Baulch,8,Senior Quality Engineer,2017-09-10 00:47:49
645,Tiphany,O'Gorman,64,Information Systems Manager,2018-09-26 18:03:21
646,Marnia,Strivens,32,Senior Quality Engineer,2015-12-05 01:40:49
647,Terza,Oleszczak,9,Nurse,2018-12-25 06:00:38
648,Hedy,Gowthorpe,43,Occupational Therapist,2016-05-29 21:52:45
649,Ervin,Winfindine,42,VP Quality Control,2016-04-16 01:12:20
650,Tybi,Gottschalk,11,Paralegal,2016-01-05 15:58:50
651,Chrysa,Uppett,49,Research Nurse,2016-06-15 16:29:58
652,Terza,Boeter,48,Mechanical Systems Engineer,2017-06-06 12:50:50
653,Blinni,Merchant,61,Senior Editor,2016-09-21 06:18:33
654,Jeth,Tackes,60,Actuary,2016-03-02 03:40:12
655,Palmer,Eichmann,26,Dental Hygienist,2016-01-09 03:39:42
656,Valentino,Hannent,15,Biostatistician I,2016-10-25 14:49:38
657,Abby,Chawkley,39,Junior Executive,2017-09-19 05:42:41
658,Jeffie,Darragon,33,Human Resources Manager,2016-10-05 16:53:10
659,Gerti,Cardus,49,Programmer III,2015-11-15 04:10:18
660,Debbie,Undrill,62,Assistant Media Planner,2018-02-26 02:17:58
661,Alie,Keave,15,Assistant Media Planner,2017-06-10 22:37:50
662,Ignacius,Lightning,49,Financial Advisor,2017-09-08 16:59:10
663,Tiphany,Postance,35,Pharmacist,2015-10-11 04:37:14
664,Shaw,Blizard,28,Budget/Accounting Analyst II,2015-09-01 22:42:27
665,Malena,Kesten,61,Occupational Therapist,2018-05-08 20:54:34
666,Rhonda,Duncklee,33,Desktop Support Technician,2017-04-25 19:32:01
667,Hyatt,Hallede,48,Social Worker,2015-11-20 08:25:34
668,Teddie,Abelson,24,Budget/Accounting Analyst IV,2017-07-17 07:56:36
669,Randi,Sterricks,52,Developer IV,2019-04-01 14:15:27
670,Deeyn,Drain,56,Staff Scientist,2017-04-24 20:02:15
671,Brigg,Marner,38,Geologist I,2016-11-13 11:52:54
672,El,Peizer,20,Project Manager,2018-02-13 03:23:45
673,Quill,Boays,49,Web Designer I,2016-08-04 15:45:39
674,Toma,Ensor,49,Social Worker,2018-11-03 17:41:45
675,Rossie,Moukes,16,Structural Analysis Engineer,2017-10-04 10:18:23
676,Nicolle,Dorman,65,Cost Accountant,2017-10-24 22:30:22
677,Giorgio,Edmondson,54,Registered Nurse,2019-01-12 07:31:33
678,Alfy,Boor,17,Information Systems Manager,2018-11-16 15:38:46
679,Goraud,Gullefant,28,Administrative Officer,2015-12-23 19:19:55
680,Alix,Fawdry,24,Desktop Support Technician,2019-01-16 05:36:36
681,Collette,Gyorgy,43,Paralegal,2018-03-20 07:48:50
682,Shay,Cordingly,25,Human Resources Assistant III,2018-04-23 19:34:07
683,Quentin,Greste,16,Junior Executive,2015-08-18 08:37:50
684,Brandea,Falks,29,Compensation Analyst,2015-06-29 22:08:10
685,Raoul,Hobell,61,Registered Nurse,2016-10-09 07:37:03
686,Shoshana,Stritton,31,Biostatistician III,2015-10-02 18:59:18
687,Ravid,Malone,26,VP Accounting,2016-10-06 18:58:04
688,Merle,Dalmon,34,Software Consultant,2017-10-17 06:57:50
689,Harmonia,Gilham,9,Web Designer III,2016-08-28 10:15:04
690,Clarey,Randal,61,Account Representative II,2015-05-26 07:01:18
691,Olly,Vaszoly,36,Occupational Therapist,2018-11-23 10:22:28
692,Gabrila,Sinnatt,23,Developer IV,2016-05-06 06:26:31
693,Yancy,Lepoidevin,56,Accountant IV,2015-04-08 10:53:46
694,Zacharie,Buttfield,17,Developer I,2018-08-16 13:20:27
695,Rosalynd,Bewlay,31,Web Developer III,2017-04-13 22:51:25
696,Constantina,Accomb,59,Staff Accountant I,2018-08-24 18:11:12
697,Tristam,Crepin,15,VP Accounting,2017-03-22 21:43:45
698,Darcee,Colquyte,14,Nurse Practicioner,2018-05-24 20:18:19
699,Bobinette,Hirjak,24,Software Engineer IV,2016-09-24 02:27:21
700,Betsy,Crank,14,Product Engineer,2017-06-30 00:45:18
701,Maritsa,Bainton,56,Environmental Tech,2017-05-31 13:26:56
702,Keely,Crimp,27,Structural Engineer,2018-03-31 19:27:48
703,Delano,Middle,9,Administrative Assistant I,2018-06-11 17:38:53
704,Ted,Dumbarton,37,Safety Technician I,2018-03-09 21:10:04
705,Irina,McGowing,9,Executive Secretary,2017-09-12 09:09:04
706,Letta,Hollebon,64,Biostatistician III,2018-12-13 06:46:35
707,Kellina,Vickors,45,Physical Therapy Assistant,2017-09-30 05:00:23
708,Issiah,Gentiry,8,Civil Engineer,2016-04-15 05:52:54
709,Aubrie,Krol,40,Nurse,2017-05-13 18:56:44
710,Bari,Brimham,55,Research Nurse,2018-06-04 22:48:19
711,Mallory,Skupinski,30,Software Engineer I,2016-12-26 19:20:37
712,Clem,Tipperton,21,Web Designer I,2018-06-15 01:34:17
713,Dani,Rate,55,Health Coach III,2017-06-27 04:41:26
714,Carlee,Boswood,45,Administrative Assistant IV,2018-12-02 05:42:07
715,Scott,Scrannage,9,Junior Executive,2016-06-11 11:28:26
716,Claus,Ivanyutin,59,Staff Scientist,2018-12-24 19:42:27
717,Gretchen,Bryson,51,Business Systems Development Analyst,2019-02-21 13:11:31
718,Ambrosio,Craster,64,Internal Auditor,2018-10-01 10:24:31
719,Griff,Bleaden,60,Product Engineer,2018-05-15 02:57:56
720,Nicholle,Dodwell,56,Speech Pathologist,2018-04-18 17:59:39
721,Ange,Petras,57,Office Assistant IV,2015-12-05 15:03:27
722,Hasheem,McCooke,34,Software Consultant,2016-05-31 00:21:16
723,Willy,Kell,8,Information Systems Manager,2017-03-06 12:31:04
724,Dimitry,Andrich,30,Associate Professor,2016-07-04 21:47:24
725,Amandi,Sired,21,Legal Assistant,2018-06-16 20:58:22
726,Bar,Dunsford,55,Quality Engineer,2017-04-07 00:58:32
727,Reggie,Vigietti,39,Help Desk Technician,2019-02-12 22:12:03
728,Nadiya,Elderidge,34,Chief Design Engineer,2017-09-15 14:21:00
729,Anet,Coon,50,Marketing Manager,2016-12-24 03:44:33
730,Arleta,Quincey,46,Technical Writer,2017-04-12 13:37:11
731,Aurie,Lapthorn,56,Actuary,2017-01-19 08:02:00
732,Towny,Borg-Bartolo,12,Budget/Accounting Analyst I,2017-06-30 08:51:17
733,Alberik,Martland,32,Environmental Specialist,2019-01-29 13:18:52
734,Prue,Kibel,63,Administrative Assistant II,2015-09-29 16:12:32
735,Brianna,Dodge,61,Clinical Specialist,2017-02-02 06:58:01
736,Lucian,Paireman,11,Geologist II,2015-11-01 03:07:40
737,Ingunna,Steele,43,Sales Associate,2015-07-10 11:22:22
738,Estell,Bessey,57,Safety Technician II,2018-01-19 05:50:42
739,Court,Balderson,49,Developer I,2015-09-01 09:55:57
740,Zed,Everist,54,Senior Editor,2019-03-02 10:23:59
741,Kristyn,Ditt,21,Technical Writer,2015-06-23 16:29:59
742,Duke,Shilito,39,Food Chemist,2015-10-27 09:43:29
743,Jaquenetta,Feldfisher,41,Analog Circuit Design manager,2019-02-13 13:07:14
744,Dannie,Szymaniak,48,Software Engineer III,2018-06-02 17:18:29
745,Nappy,Dugan,49,Professor,2016-07-01 07:42:21
746,Katusha,Jemmett,45,Compensation Analyst,2017-05-11 13:23:44
747,Lynn,Camplin,31,Senior Sales Associate,2017-09-19 22:13:24
748,Shalna,Harold,12,VP Quality Control,2016-07-08 18:58:18
749,Finley,Wayvill,31,Analog Circuit Design manager,2015-08-14 00:53:18
750,Veda,Gemmill,11,Information Systems Manager,2016-09-26 12:04:09
751,Elsbeth,Mixer,30,VP Quality Control,2018-06-02 18:03:45
752,Ashely,Henworth,34,VP Product Management,2016-01-09 05:40:14
753,Andria,Hendrix,15,Human Resources Manager,2016-05-04 01:54:36
754,Cherice,Lathbury,40,Physical Therapy Assistant,2017-11-09 18:04:45
755,Joseito,Coleman,11,Research Nurse,2015-05-14 05:01:59
756,Dedie,Fick,39,Occupational Therapist,2016-01-25 07:38:22
757,Delilah,Varns,59,Associate Professor,2016-04-16 07:08:35
758,Odie,Perri,27,Automation Specialist I,2018-03-09 04:39:08
759,Ali,Besantie,8,Computer Systems Analyst II,2015-05-07 02:09:10
760,Hyacinthe,Vickarman,30,Senior Developer,2018-05-10 15:27:06
761,Kelly,Niccolls,63,Chemical Engineer,2018-10-17 07:29:11
762,Emmalynne,Teodorski,9,GIS Technical Architect,2015-11-24 05:09:28
763,Magdalen,Petty,25,Analyst Programmer,2018-07-22 19:05:07
764,Diane,Laise,42,Assistant Media Planner,2018-03-29 11:28:34
765,Danya,Ambrogiotti,8,Legal Assistant,2017-09-21 15:55:40
766,Arlina,Saterweyte,56,Nuclear Power Engineer,2017-02-14 12:13:11
767,Gina,Stebbings,15,Staff Accountant II,2019-01-18 08:38:05
768,Derrik,Nellis,51,Quality Control Specialist,2017-07-04 22:01:46
769,Joelle,Stowers,61,Physical Therapy Assistant,2015-11-24 13:44:57
770,Katey,Moden,38,Cost Accountant,2017-10-03 05:34:23
771,Konstantin,Bolf,65,Human Resources Assistant I,2018-09-14 09:32:24
772,Ginny,Pargent,29,Web Designer III,2018-07-06 11:11:40
773,Ferdinand,Pharoah,44,Account Executive,2018-03-27 05:05:52
774,Dehlia,Maryin,42,Environmental Tech,2018-04-18 16:00:48
775,Norina,Champ,22,Civil Engineer,2018-06-05 17:26:48
776,Casey,Baskeyfied,27,Chemical Engineer,2017-06-18 19:50:14
777,Lara,Carabine,32,Junior Executive,2015-05-04 23:17:37
778,Wye,Doog,14,Design Engineer,2018-12-31 13:16:47
779,Dell,Gilffillan,53,Paralegal,2016-05-08 05:01:28
780,Devina,Drane,14,Recruiting Manager,2017-01-18 07:45:42
781,Janenna,Ealam,55,Executive Secretary,2017-11-03 15:43:14
782,Yancey,McIlvenny,27,Compensation Analyst,2017-03-09 08:34:05
783,Gisela,Linbohm,23,Research Assistant I,2018-06-12 18:53:49
784,Nefen,Wipfler,57,Technical Writer,2019-04-01 16:09:29
785,Danette,Radke,18,Human Resources Assistant IV,2019-02-05 12:06:14
786,Miner,Prosh,38,Marketing Assistant,2015-06-11 15:13:56
787,Kean,Dofty,9,Assistant Professor,2017-11-01 10:29:43
788,Darline,Longea,48,Operator,2018-08-08 22:06:40
789,Harbert,Bridgewater,51,Editor,2015-12-25 09:00:53
790,Lorrie,Holmyard,21,Human Resources Assistant IV,2018-11-30 15:36:06
791,Clyve,McKerton,15,Compensation Analyst,2015-10-11 00:46:49
792,Lisle,Cram,31,Assistant Media Planner,2019-04-07 18:12:30
793,Egbert,Shane,40,Assistant Professor,2016-06-16 18:26:14
794,Susann,Arington,14,Web Developer II,2015-07-14 01:52:23
795,Veronika,Kidwell,45,Statistician II,2018-05-11 17:07:27
796,Joni,Whartonby,22,Technical Writer,2018-10-02 21:25:42
797,Malory,Sulland,36,Web Developer III,2017-06-05 08:28:45
798,Sibley,Vlasenko,29,Systems Administrator I,2015-05-19 02:31:06
799,Cassy,Ibbott,11,Staff Scientist,2018-07-08 13:13:48
800,Baillie,Liddiard,45,Computer Systems Analyst I,2019-02-21 16:07:08
801,Montague,McKew,37,Senior Editor,2015-08-31 06:37:55
802,Everard,Lennarde,12,Speech Pathologist,2017-10-15 16:53:27
803,Gerrie,Fairfoull,25,Mechanical Systems Engineer,2018-10-31 16:24:48
804,Poppy,Jacqueminot,61,Engineer IV,2016-10-21 20:15:25
805,Ayn,Rosengart,35,Occupational Therapist,2017-02-18 14:02:24
806,Derward,Oiseau,57,Social Worker,2015-11-02 23:25:38
807,Eb,Lecordier,41,Budget/Accounting Analyst III,2016-04-17 22:35:22
808,Annamarie,Grinsted,21,Senior Sales Associate,2016-05-20 01:59:50
809,Clovis,McCard,9,Senior Quality Engineer,2017-10-02 17:05:06
810,Lea,May,45,Media Manager IV,2016-01-01 23:45:25
811,Dana,Josephsen,43,Teacher,2016-03-16 10:44:26
812,Tibold,Corriea,57,Computer Systems Analyst III,2018-02-07 13:19:50
813,Lyn,Narup,8,Software Engineer III,2016-11-26 15:30:46
814,Fons,Eliff,14,Director of Sales,2017-05-27 06:30:47
815,Kitti,Gregore,39,Staff Scientist,2016-06-16 01:42:16
816,Lindon,Wotton,10,Information Systems Manager,2015-10-08 11:36:01
817,Sebastien,Dubery,17,Web Designer IV,2017-03-19 16:28:40
818,Jeddy,Greenhow,17,Human Resources Manager,2016-10-07 08:54:53
819,Josefina,Zukierman,36,Recruiting Manager,2016-09-25 03:11:54
820,Nancie,Bartley,47,Quality Engineer,2016-04-25 01:22:15
821,Arty,Kiltie,35,Environmental Specialist,2017-12-10 05:47:07
822,Aldrich,Wetherell,32,Systems Administrator I,2015-12-11 10:33:57
823,Maggi,Fielder,50,Accounting Assistant II,2017-06-02 21:05:41
824,Fabio,Williscroft,34,Legal Assistant,2015-05-11 14:01:18
825,Florri,Fihelly,62,VP Product Management,2016-04-05 23:13:38
826,Babita,Broadstock,33,Graphic Designer,2015-12-20 20:33:55
827,Thacher,Novill,32,Clinical Specialist,2015-10-18 07:45:56
828,Titos,Winslett,61,Sales Associate,2018-03-06 19:23:43
829,Kaile,Skinley,25,Pharmacist,2017-07-26 23:50:06
830,Doro,Chanter,38,Web Designer II,2017-06-30 10:16:02
831,Wakefield,Welds,38,Research Assistant I,2015-07-16 11:13:13
832,Harmony,Willey,58,Cost Accountant,2015-12-28 12:54:10
833,Larisa,Juanes,59,Geological Engineer,2017-04-24 22:02:58
834,Chrissy,Russilll,52,Account Executive,2015-10-12 19:22:26
835,Abbott,Kinsell,55,Associate Professor,2016-10-10 22:11:37
836,Jaquenetta,Oakenfield,27,Research Associate,2017-09-11 15:05:41
837,Alys,Stanmer,25,Social Worker,2017-11-22 17:50:47
838,Shermie,Mannakee,64,Nuclear Power Engineer,2016-11-11 07:59:34
839,Donnie,Hanselmann,12,Account Representative I,2018-09-16 08:00:58
840,Grazia,Denisovo,15,Budget/Accounting Analyst I,2018-02-10 23:35:57
841,Marilee,Farnaby,35,Developer I,2019-02-17 12:02:31
842,Bern,Rainbird,26,Software Consultant,2017-01-06 19:31:12
843,Ward,Guildford,8,Account Coordinator,2016-03-11 00:36:19
844,Lay,Dalglish,54,Programmer Analyst IV,2016-05-22 15:02:04
845,Carin,Norsister,62,Web Developer II,2015-05-16 14:11:06
846,Orlando,Elt,19,Professor,2017-03-04 02:33:19
847,Rhetta,Colvin,65,Occupational Therapist,2016-09-10 03:11:27
848,Maryl,Lohering,12,VP Product Management,2018-06-07 14:06:28
849,Tarra,Giacopello,37,Internal Auditor,2018-11-27 13:47:45
850,Danie,Hostan,42,Health Coach II,2016-05-18 05:56:13
851,Cort,Chazerand,15,Geological Engineer,2016-01-26 20:11:49
852,Nerissa,Benoist,56,Accounting Assistant IV,2018-12-18 20:56:20
853,Glen,Drennan,37,Quality Control Specialist,2018-12-31 06:56:45
854,Titos,Jeratt,12,Structural Analysis Engineer,2017-04-04 15:30:34
855,Kynthia,Cheater,24,Project Manager,2015-08-09 23:56:45
856,Cob,Conlon,20,Operator,2017-11-30 07:29:33
857,Marlee,Firby,49,Cost Accountant,2016-01-04 13:55:42
858,Portie,Wadforth,24,Administrative Officer,2017-10-02 07:57:11
859,Lorita,Trow,58,Developer II,2018-12-01 11:07:55
860,Corrianne,Talman,38,Statistician III,2019-01-26 17:41:03
861,Starlin,Stroyan,14,Chief Design Engineer,2018-07-06 14:36:26
862,Kailey,Kield,57,Account Representative II,2016-11-29 14:34:06
863,Ardeen,Milburn,36,Actuary,2018-02-08 12:17:13
864,Kipp,Bluck,29,Staff Accountant IV,2016-12-04 13:35:00
865,Clarice,Epton,21,Database Administrator IV,2019-03-29 08:25:28
866,Maurise,McMonies,17,Teacher,2018-05-21 14:15:52
867,Josi,Bohlsen,14,Financial Analyst,2017-04-23 15:08:49
868,Patrizio,Jowling,50,Food Chemist,2019-01-03 23:38:37
869,Brocky,Campbell-Dunlop,50,Environmental Tech,2019-02-02 20:36:54
870,Merrilee,Wallwood,32,Desktop Support Technician,2016-06-09 19:06:24
871,Rosaleen,Wight,24,Director of Sales,2016-03-03 07:08:39
872,Brigg,Ducker,45,VP Quality Control,2015-10-22 21:38:09
873,Nanni,Liddicoat,37,Social Worker,2018-01-11 08:19:17
874,Nicola,Lemmers,20,VP Marketing,2017-06-09 01:44:36
875,Raimund,Paolini,25,VP Marketing,2015-09-09 21:24:47
876,Lanette,Godmar,10,Human Resources Manager,2018-02-09 18:04:31
877,Goddard,Mewe,16,Desktop Support Technician,2017-08-15 22:34:25
878,Tiffani,Munnery,59,Geological Engineer,2018-06-04 11:44:19
879,Gaultiero,Leet,59,Recruiter,2016-05-24 15:00:30
880,Kitty,Hinsch,26,Media Manager III,2016-07-07 01:46:59
881,Kalinda,Arniz,33,Nurse Practicioner,2018-08-05 02:19:07
882,Priscilla,Crumpton,52,Software Engineer III,2018-11-13 09:20:15
883,Abbe,Stilly,52,Assistant Professor,2018-05-16 16:23:16
884,Kevina,Schubert,47,Web Designer II,2018-12-02 08:19:52
885,Jasun,Shegog,30,Electrical Engineer,2017-03-09 01:22:00
886,Lucian,O'Heagertie,8,Food Chemist,2017-03-25 20:42:10
887,Janifer,Kilgour,43,Database Administrator IV,2016-12-02 00:41:14
888,Arabela,Tibbles,57,Geological Engineer,2017-04-01 04:50:59
889,Morgan,Lissandrini,64,Systems Administrator I,2017-07-03 14:09:09
890,Jammie,Sybry,63,Registered Nurse,2017-11-11 03:31:38
891,Ingeberg,Glasser,48,Programmer II,2018-07-19 03:09:09
892,Kimberly,Waddam,55,Help Desk Technician,2016-12-04 08:17:37
893,Joye,Germon,44,Geologist IV,2015-04-09 07:37:53
894,Bran,Kinnar,63,Programmer I,2018-10-27 08:42:10
895,Brena,Antoniat,37,Technical Writer,2018-02-03 09:10:59
896,Gates,Fabbri,58,Help Desk Operator,2016-11-28 18:44:34
897,Dona,Kynson,39,Electrical Engineer,2018-07-11 21:19:46
898,Corissa,Helliwell,56,Tax Accountant,2018-05-09 09:13:11
899,Deloris,Gabbitas,63,Help Desk Technician,2018-06-08 21:20:35
900,Mario,Jefferd,51,Food Chemist,2018-10-13 09:37:05
901,Gallard,Thomassin,39,Business Systems Development Analyst,2016-02-13 11:01:28
902,Elden,Meyrick,51,Account Representative II,2015-06-03 05:52:07
903,Ashleigh,Pegg,9,Systems Administrator I,2016-12-21 16:02:15
904,Milicent,Riveles,61,Media Manager III,2016-01-21 21:02:16
905,Evey,Pawel,20,Engineer III,2016-06-19 20:12:04
906,Lida,Deering,21,Occupational Therapist,2016-02-20 02:36:43
907,Kamilah,Ponsford,9,Speech Pathologist,2018-11-07 12:43:25
908,Stephani,Draysey,47,Compensation Analyst,2016-02-18 00:44:24
909,Reyna,Rigts,60,Information Systems Manager,2015-10-08 16:50:46
910,Germain,Dangerfield,59,Research Associate,2018-08-25 11:50:24
911,Johnette,Beecheno,22,Quality Control Specialist,2017-10-28 21:56:16
912,Rycca,Fulkes,50,VP Sales,2017-06-16 08:03:56
913,Errol,Dalziell,21,Chief Design Engineer,2015-11-01 22:46:17
914,Liza,Child,19,Budget/Accounting Analyst III,2015-07-27 14:02:51
915,Milty,Danzig,26,Quality Engineer,2016-02-02 15:59:05
916,Afton,Fiennes,56,Junior Executive,2016-03-02 10:36:22
917,Agustin,Tinson,17,Information Systems Manager,2018-01-24 03:02:12
918,Jimmie,Wigg,46,Safety Technician II,2015-04-30 14:28:17
919,Orbadiah,McCuaig,54,Information Systems Manager,2018-10-03 04:05:59
920,Bernhard,Nore,36,Associate Professor,2018-01-26 23:54:32
921,Rustie,Lomond,51,Accounting Assistant IV,2017-11-25 21:13:39
922,Peyter,Oxborough,38,Automation Specialist II,2015-07-20 17:35:12
923,Dore,Udden,49,Office Assistant I,2018-03-20 08:15:01
924,Jessica,Bruntje,29,Occupational Therapist,2017-11-23 03:28:46
925,Giovanna,MacGinlay,13,Budget/Accounting Analyst IV,2015-08-20 01:31:41
926,Karyl,Sunock,52,Product Engineer,2016-02-21 02:33:32
927,Noreen,Tatersale,9,Senior Developer,2019-01-17 20:54:22
928,Britney,Micheu,37,Food Chemist,2017-01-01 00:47:49
929,Batholomew,Witherspoon,61,VP Product Management,2018-09-17 17:50:25
930,Bearnard,Nore,27,Geologist I,2017-11-01 21:52:52
931,Yovonnda,Penbarthy,63,Design Engineer,2016-05-10 02:03:43
932,Skipton,Anscott,56,Electrical Engineer,2015-05-04 03:51:27
933,Shanie,Lomis,34,Chief Design Engineer,2017-05-23 09:50:37
934,Amory,Ianinotti,23,Analyst Programmer,2019-01-30 09:21:17
935,Guthrie,Thody,48,Teacher,2017-09-13 08:49:08
936,Odilia,Breagan,19,Director of Sales,2016-05-16 17:36:06
937,Ewen,Olver,22,Professor,2019-02-28 17:22:35
938,Elna,Gully,26,Structural Analysis Engineer,2017-08-09 18:49:15
939,Ronny,Westwell,39,Associate Professor,2016-02-13 13:43:44
940,Millard,Lehrahan,46,VP Sales,2015-08-29 19:50:23
941,Ernest,McQuilliam,63,General Manager,2019-03-04 14:04:35
942,Borden,Teek,46,Editor,2016-06-04 13:33:21
943,Bab,Archley,45,Biostatistician I,2018-08-13 18:31:17
944,Alisa,Daudray,44,Data Coordiator,2015-05-25 06:44:49
945,Tremain,Auchterlonie,47,Accountant IV,2015-12-11 14:26:44
946,Curtis,Moden,51,Social Worker,2015-04-23 14:58:33
947,Kurt,Cosgriff,50,General Manager,2016-01-01 16:08:52
948,Debee,Kibbey,60,Payment Adjustment Coordinator,2016-11-14 11:41:30
949,Regan,Passmore,10,Dental Hygienist,2019-01-02 02:14:55
950,Johannah,Sansbury,21,Account Coordinator,2016-07-25 23:59:28
951,Aloise,Bingham,30,Office Assistant IV,2016-06-11 17:25:49
952,Hannie,Elmer,43,Assistant Professor,2015-06-30 14:51:27
953,Leisha,Caulder,13,Staff Scientist,2017-07-16 08:36:05
954,Georgi,Skeldinge,29,Database Administrator I,2018-10-13 19:50:49
955,Percy,Battie,21,Senior Cost Accountant,2018-10-12 15:14:25
956,Nealson,Bramhill,52,Geological Engineer,2018-12-20 16:17:01
957,Dun,Matura,14,Senior Sales Associate,2016-04-13 01:26:33
958,My,Cosyns,24,Staff Scientist,2017-12-28 23:32:37
959,Akim,Hancill,38,VP Sales,2017-10-06 14:03:43
960,Burtie,Bentham,28,Nuclear Power Engineer,2018-06-24 01:13:23
961,Marijn,Dixcey,12,General Manager,2016-01-30 06:01:09
962,Jonell,Furby,60,Staff Accountant IV,2017-07-29 05:37:46
963,Nobie,Kettlestringe,22,Research Associate,2017-07-13 01:33:48
964,Moyra,Wadlow,58,Geological Engineer,2016-01-04 20:38:07
965,Lion,Aldcorn,52,Editor,2016-03-10 11:08:10
966,Paule,Troughton,47,Electrical Engineer,2019-01-29 14:52:35
967,Ross,Bruyntjes,53,Research Associate,2016-01-02 11:34:54
968,Elaina,Goldsbury,18,Environmental Tech,2016-04-21 11:36:53
969,Keefe,Lamey,64,Food Chemist,2017-10-18 19:52:18
970,Danica,Marages,24,Computer Systems Analyst III,2015-09-11 01:38:53
971,Gui,Trime,57,Occupational Therapist,2017-08-18 10:16:46
972,Tybie,Argabrite,58,Environmental Tech,2016-10-30 16:47:46
973,Aubert,Devil,27,Statistician IV,2015-09-22 11:51:56
974,Farica,Hallifax,57,Assistant Media Planner,2016-04-27 00:31:55
975,Rania,Woodham,50,Research Nurse,2016-08-23 05:42:09
976,Bari,Fincher,45,Internal Auditor,2018-09-05 01:37:49
977,Sheffield,Sunley,24,Operator,2017-03-10 11:24:14
978,Hy,Jellicorse,28,Systems Administrator III,2018-03-04 19:07:15
979,Rakel,Vellden,57,Data Coordiator,2016-10-12 12:48:55
980,Burnard,Nanninini,11,Budget/Accounting Analyst II,2017-12-01 14:35:23
981,Evita,Ballchin,18,Tax Accountant,2018-03-18 00:39:45
982,Kerr,Parradine,60,Data Coordiator,2015-12-08 15:10:30
983,Burr,Moncarr,23,Human Resources Manager,2017-05-13 21:59:41
984,Darby,Haselgrove,9,Research Assistant II,2018-03-17 09:33:30
985,Reube,McDuff,55,Assistant Manager,2015-05-09 17:15:49
986,Lucinda,De Carteret,43,Chemical Engineer,2018-01-12 06:07:08
987,Teddie,Louiset,63,Actuary,2016-08-31 05:20:43
988,Rodi,Mailes,53,Structural Engineer,2015-10-01 05:10:25
989,Callida,Battaille,63,Design Engineer,2018-03-18 18:38:45
990,Cosetta,Van Arsdale,64,Information Systems Manager,2015-09-15 10:14:09
991,Gabby,Bernardy,60,Software Engineer III,2018-03-29 18:51:35
992,Hestia,Grob,50,Clinical Specialist,2016-02-02 17:34:11
993,Shannon,Halbord,12,Payment Adjustment Coordinator,2017-04-16 08:22:00
994,Gilbertina,Wint,57,Teacher,2018-01-17 10:33:30
995,Emmaline,Alders,16,Community Outreach Specialist,2017-03-01 19:20:34
996,Linette,Hugill,52,Financial Analyst,2018-05-23 19:09:40
997,Stacee,Bew,24,Nuclear Power Engineer,2017-08-30 09:51:37
998,Emelyne,McAviy,60,VP Accounting,2015-09-19 08:41:06
999,Carma,Clere,65,Occupational Therapist,2015-08-25 17:40:27
1000,Mersey,Robben,44,Compensation Analyst,2017-06-29 16:47:04
